concept,n,mean_score_0_to_3,pct_of_max,score_0,score_1,score_2,score_3
Logic: modular arithmetic and state,6,0.83,27.8,3,1,2,0
write() and file descriptors,8,1,33.3,3,3,1,1
Character checks and ASCII math,8,1.12,37.5,3,2,2,1
Recursion,8,1.25,41.7,3,2,1,2
Linked list traversal,8,1.62,54.2,2,1,3,2
Static variables and persistent state,8,1.62,54.2,2,2,1,3
argc/argv and argument handling,8,1.62,54.2,1,3,2,2
Strings and the \0 loop,8,2.12,70.8,0,2,3,3
Logic: swap and in-place modification,2,3,100.0,0,0,0,2
